hotel_name,rating,price,room_type,bed,amenities
HERE INN HOTEL,4.8,soldOut,Notavailable,Notavailable,Wi-Fi in designated areas|Restaurant|Front desk (24 hours)|Café|Non-smoking floor|Luggage storage|Wake-up call|Designated Smoking Area
Beijing Xinyuan Hotel,4.8,After tax US$288.99,Standard Twin Room,2 single beds,Wi-Fi in designated areas|Indoor swimming pool|Gym|Restaurant|Front desk (24 hours)|Massage|Sauna|Spa|Café|Currency exchange|ATM|Luggage storage|Wake-up call|Karaoke|Mahjong/chess/poker room|Beauty salon
5L Hotel,4.4,After tax US$185.90,Apartment of King Bed,1 queen bed,Wi-Fi in designated areas|Gym|Restaurant|Front desk (24 hours)|Bar|Café|Non-smoking floor|Currency exchange|ATM|Luggage storage|Wake-up call|Basketball|Football|Teahouse|Game room|Designated Smoking Area
Zhaolin Grand Hotel,4.9,After tax US$359.97,Superior Double Room (No window),1 queen bed,Wi-Fi in designated areas|Airport pickup service|Indoor swimming pool|Gym|Restaurant|Front desk (24 hours)|Sauna|Foot massage|Bar|Café|Non-smoking floor|Currency exchange|ATM|Luggage storage|Wake-up call|Teahouse
Manxin Hotel Beijing Hepingmen Metro Station,4.8,After tax US$206.18,Queen Room,1 double bed,Wi-Fi in designated areas|Restaurant|Front desk (24 hours)|Non-smoking floor|Luggage storage|Wake-up call
We Light Hotel (Beijing Xizhimen),4.8,After tax US$113.23,Discount Room,1 double bed,Wi-Fi in designated areas|Café
"Jinjiang Inn (Beijing Capital Airport, Shunyi Metro Station)",4.7,After tax US$40.56,Business Room B,1 double bed,Wi-Fi in designated areas|Airport pickup service|Restaurant|Front desk (24 hours)|Non-smoking floor|Luggage storage|Wake-up call
Read and Rest Hotel,4.8,After tax US$185.90,Mini Double Room,1 double bed,Wi-Fi in designated areas|Restaurant|Front desk (24 hours)|Café|Non-smoking floor|Luggage storage|Library
Go Inn Hotel,4.5,After tax US$197.73,Business Queen Room (Yingbin building),1 king bed,Wi-Fi in designated areas|Airport pickup service|Gym|Restaurant|Front desk (24 hours)|Massage|Sauna|Hot spring|Foot massage|Spa|Non-smoking floor|ATM|Luggage storage|Wake-up call|Water sports|Karaoke|Table tennis|Billiards|Teahouse
Tangla Hotel Beijing,4.5,After tax US$329.55,Executive Room,1 queen bed,Wi-Fi in designated areas|Airport pickup service|Indoor swimming pool|Gym|Restaurant|Front desk (24 hours)|Massage|Sauna|Foot massage|Spa|Bar|Non-smoking floor|ATM|Luggage storage|Wake-up call|Karaoke|Teahouse|Beauty salon
pentahotel Beijing,4.4,After tax US$219.30,Penta Queen Room,1 queen bed,Wi-Fi in designated areas|Gym|Restaurant|Front desk (24 hours)|Non-smoking floor|Currency exchange|Luggage storage|Wake-up call|Billiards
Nishi Haitai Hotel (Beijing Sijiqing),4.6,After tax US$215.90,Superior Double Room,1 double bed,Wi-Fi in designated areas|Restaurant|Front desk (24 hours)|Sauna|Hot spring|Foot massage|Spa|Massage|Café|Non-smoking floor|Luggage storage|Wake-up call|Mahjong/chess/poker room|Teahouse
Sentury Apartment Hotel,4.5,After tax US$129.20,Queen Room,1 queen bed,Wi-Fi in designated areas|Restaurant|Front desk (24 hours)|ATM|Luggage storage
Cendre Hotel,4.7,After tax US$119,Queen Room,1 queen bed,Wi-Fi in designated areas|Airport pickup service|Restaurant|Front desk (24 hours)|Café|Non-smoking floor|Luggage storage|Wake-up call|Designated Smoking Area
Lypin Courtyard Hotel (Beijing South Luogu Lane),4.8,After tax US$204,Guestroom - Courtyard-View (Double bed),1 king bed,Wi-Fi in designated areas|Airport pickup service|Restaurant|Front desk (24 hours)|Non-smoking floor|Luggage storage|Wake-up call
Southern Pearl Hotel,4.5,After tax US$180.20,Business Twin Room,2 single beds,Front desk (24 hours)|Massage|Café|Non-smoking floor|ATM|Luggage storage|Wake-up call|Teahouse
"Yunchuan 3D Cinema Hotel (Beijing Bird's Nest, University of International Business and Economics)",4.9,After tax US$137.70,Guestroom - Double Occupancy (Double bed) (Shower),1 queen bed,Wi-Fi in designated areas|Front desk (24 hours)|Non-smoking floor|Luggage storage|Wake-up call
Fuyong Yulong Hotel,4.5,After tax US$95.20,Guestroom - Double Occupancy,2 single beds,Wi-Fi in designated areas|Shuttle service to nearby landmarks|Airport Shuttle Service|Airport pickup service|Restaurant|Front desk (24 hours)|Bar|Café|Non-smoking floor|ATM|Luggage storage|Wake-up call
Yunshuiyao Shanju Hot Spring Resort,4.6,After tax US$253.30,Guestroom (2 beds),2 single beds,Wi-Fi in designated areas|Airport pickup service|Restaurant|Front desk (24 hours)|Hot spring|Non-smoking floor|Luggage storage|Wake-up call|Water sports|Mahjong/chess/poker room|Teahouse|Fishing
City Inn (Beijing Happy Valley),4.5,After tax US$98.60,Guestroom (Double bed),1 queen bed,Wi-Fi in designated areas|Restaurant|Front desk (24 hours)|Luggage storage|Wake-up call
"Yunchuan 3D Cinema Hotel (Beijing Bird's Nest, University of International Business and Economics)",4.9,After tax US$137.70,Guestroom - Double Occupancy (Double bed) (Shower),1 queen bed,Wi-Fi in designated areas|Front desk (24 hours)|Non-smoking floor|Luggage storage|Wake-up call
Fuyong Yulong Hotel,4.5,After tax US$95.20,Guestroom - Double Occupancy,2 single beds,Wi-Fi in designated areas|Shuttle service to nearby landmarks|Airport Shuttle Service|Airport pickup service|Restaurant|Front desk (24 hours)|Bar|Café|Non-smoking floor|ATM|Luggage storage|Wake-up call
Yunshuiyao Shanju Hot Spring Resort,4.6,After tax US$253.30,Guestroom (2 beds),2 single beds,Wi-Fi in designated areas|Airport pickup service|Restaurant|Front desk (24 hours)|Hot spring|Non-smoking floor|Luggage storage|Wake-up call|Water sports|Mahjong/chess/poker room|Teahouse|Fishing
City Inn (Beijing Happy Valley),4.5,After tax US$98.60,Guestroom (Double bed),1 queen bed,Wi-Fi in designated areas|Restaurant|Front desk (24 hours)|Luggage storage|Wake-up call
Bin An Si Lido Apartment (Beijing Wangjing Jiuxianqiao 798 Lidu),4.7,After tax US$282.20,Deluxe Room - 2-Bedroom,1 double bed and 1 queen bed,Wi-Fi in designated areas|Restaurant|Front desk (24 hours)|Café|Non-smoking floor|Luggage storage|Wake-up call
Junma International Hotel,4.3,After tax US$234.60,Standard Double Room,1 king bed,Wi-Fi in designated areas|Restaurant|Front desk (24 hours)|Café|Non-smoking floor|ATM|Luggage storage|Wake-up call
Huashang Hotel (Beijing Sanyuan Bridge Yansha),4.6,After tax US$193.80,Business Triple Room,3 single beds,Wi-Fi in designated areas|Airport pickup service|Restaurant|Front desk (24 hours)|Foot massage|Café|Non-smoking floor|Currency exchange|ATM|Luggage storage|Wake-up call|Designated Smoking Area
Furun Hotel (Beijing Dongsi),4.8,After tax US$147.90,Standard Room,2 single beds,Wi-Fi in designated areas|Restaurant|Front desk (24 hours)|Luggage storage|Wake-up call
Qinglian Furun Hotel (Beijing Caishikou),4.7,After tax US$125.80,Standard Room,2 single beds,Wi-Fi in designated areas|Restaurant|Luggage storage|Wake-up call
Qushui Lanting Resort Beijing,4.7,After tax US$333.20,Classical Single Room,1 queen bed,Wi-Fi in designated areas|Airport pickup service|Restaurant|Front desk (24 hours)|Massage|Sauna|Foot massage|Spa|Bar|Non-smoking floor|ATM|Luggage storage|Wake-up call|Karaoke|Teahouse|Designated Smoking Area
Furun Hotel (Beijing Dongsi),4.8,After tax US$147.90,Standard Room,2 single beds,Wi-Fi in designated areas|Restaurant|Front desk (24 hours)|Luggage storage|Wake-up call
Qinglian Furun Hotel (Beijing Caishikou),4.7,After tax US$125.80,Standard Room,2 single beds,Wi-Fi in designated areas|Restaurant|Luggage storage|Wake-up call
Qushui Lanting Resort Beijing,4.7,After tax US$333.20,Classical Single Room,1 queen bed,Wi-Fi in designated areas|Airport pickup service|Restaurant|Front desk (24 hours)|Massage|Sauna|Foot massage|Spa|Bar|Non-smoking floor|ATM|Luggage storage|Wake-up call|Karaoke|Teahouse|Designated Smoking Area
Hainan Hotel,4.5,After tax US$205.70,Standard Twin Room,2 single beds,Wi-Fi in designated areas|Restaurant|Front desk (24 hours)|Non-smoking floor|Luggage storage|Wake-up call|Teahouse
Railway Hotel (Beijing West Railway Station),4.7,After tax US$108.80,Boutique Double Room,1 queen bed,Wi-Fi in designated areas|Restaurant|Front desk (24 hours)|Non-smoking floor|Luggage storage|Wake-up call
Shiyuan Pushen Hotel,4.5,After tax US$516.80,Guestroom (2 beds),2 single beds,Wi-Fi in designated areas|Airport pickup service|Indoor swimming pool|Gym|Restaurant|Front desk (24 hours)|Massage|Sauna|Hot spring|Foot massage|Spa|Non-smoking floor|Luggage storage|Wake-up call|Karaoke|Teahouse|Designated Smoking Area
United Days Boutique Business Hotel,4.5,After tax US$210.80,Guestroom (2 beds),2 single beds,Wi-Fi in designated areas|Airport pickup service|Restaurant|Front desk (24 hours)|Bar|Café|Luggage storage|Wake-up call
Qinglian Furun Hotel (Beijing Railway Station),4.7,After tax US$76.50,Guestroom (Double bed),1 double bed,Wi-Fi in designated areas|Restaurant|Front desk (24 hours)|Luggage storage|Wake-up call
Junyi Runhua Hotel,4.6,After tax US$134.30,Budget Twin Room (Without window),2 single beds,Wi-Fi in designated areas|Restaurant|Front desk (24 hours)|Massage|Café|Currency exchange|ATM|Luggage storage|Wake-up call|Table tennis|Billiards|Mahjong/chess/poker room|Teahouse
SUNLIT HOTEL,4.9,After tax US$139.40,Smart Room (2 beds),2 single beds,Wi-Fi in designated areas|Restaurant|Front desk (24 hours)|Non-smoking floor|Luggage storage|Wake-up call|Library|Designated Smoking Area
Railway Hotel (Beijing West Railway Station),4.7,After tax US$108.80,Boutique Double Room,1 queen bed,Wi-Fi in designated areas|Restaurant|Front desk (24 hours)|Non-smoking floor|Luggage storage|Wake-up call
Shiyuan Pushen Hotel,4.5,After tax US$516.80,Guestroom (2 beds),2 single beds,Wi-Fi in designated areas|Airport pickup service|Indoor swimming pool|Gym|Restaurant|Front desk (24 hours)|Massage|Sauna|Hot spring|Foot massage|Spa|Non-smoking floor|Luggage storage|Wake-up call|Karaoke|Teahouse|Designated Smoking Area
United Days Boutique Business Hotel,4.5,After tax US$210.80,Guestroom (2 beds),2 single beds,Wi-Fi in designated areas|Airport pickup service|Restaurant|Front desk (24 hours)|Bar|Café|Luggage storage|Wake-up call
Qinglian Furun Hotel (Beijing Railway Station),4.7,After tax US$76.50,Guestroom (Double bed),1 double bed,Wi-Fi in designated areas|Restaurant|Front desk (24 hours)|Luggage storage|Wake-up call
Junyi Runhua Hotel,4.6,After tax US$134.30,Budget Twin Room (Without window),2 single beds,Wi-Fi in designated areas|Restaurant|Front desk (24 hours)|Massage|Café|Currency exchange|ATM|Luggage storage|Wake-up call|Table tennis|Billiards|Mahjong/chess/poker room|Teahouse
SUNLIT HOTEL,4.9,After tax US$139.40,Smart Room (2 beds),2 single beds,Wi-Fi in designated areas|Restaurant|Front desk (24 hours)|Non-smoking floor|Luggage storage|Wake-up call|Library|Designated Smoking Area
Lemeng Hotel,4.5,After tax US$120.70,Discount Queen Room,1 double bed,Wi-Fi in designated areas|Front desk (24 hours)|Café|Non-smoking floor|Luggage storage|Wake-up call|Teahouse
Financier Executive Residence,4.8,After tax US$498.10,One-bedroom Suite,1 king bed,Wi-Fi in designated areas|Indoor swimming pool|Gym|Front desk (24 hours)|Spa|Café|Non-smoking floor|ATM|Luggage storage|Wake-up call|Water sports
Manxin Beijing Qianmen Courtyard  Hotel,4.9,After tax US$202.30,Guestroom (Double bed),1 double bed,Wi-Fi in designated areas|Airport pickup service|Restaurant|Front desk (24 hours)|Non-smoking floor|Luggage storage|Wake-up call
Qiu Guo Hotel (Beijing West Railway Station South Square),4.8,After tax US$151.30,Guestroom - Double Occupancy (Double bed),1 queen bed,Wi-Fi in designated areas|Restaurant|Front desk (24 hours)|Café|Non-smoking floor|Luggage storage|Wake-up call|Designated Smoking Area
Financier Executive Residence,4.8,After tax US$501.03,One-bedroom Suite,1 king bed,Wi-Fi in designated areas|Indoor swimming pool|Gym|Front desk (24 hours)|Spa|Café|Non-smoking floor|ATM|Luggage storage|Wake-up call|Water sports
Manxin Beijing Qianmen Courtyard  Hotel,4.9,After tax US$203.49,Guestroom (Double bed),1 double bed,Wi-Fi in designated areas|Airport pickup service|Restaurant|Front desk (24 hours)|Non-smoking floor|Luggage storage|Wake-up call
Qiu Guo Hotel (Beijing West Railway Station South Square),4.8,After tax US$152.19,Guestroom - Double Occupancy (Double bed),1 queen bed,Wi-Fi in designated areas|Restaurant|Front desk (24 hours)|Café|Non-smoking floor|Luggage storage|Wake-up call|Designated Smoking Area
Sinopec Conference Center,4.6,After tax US$191.52,Guestroom - Double Occupancy (Double bed),1 queen bed,Wi-Fi in designated areas|Indoor swimming pool|Gym|Restaurant|Front desk (24 hours)|Massage|Sauna|Hot spring|Foot massage|Spa|Non-smoking floor|ATM|Luggage storage|Wake-up call|Karaoke|Table tennis|Billiards|Basketball|Tennis|Bowling|Mahjong/chess/poker room|Teahouse|Beauty salon
Shanli Lohas,4.4,After tax US$492.48,Lohas Courtyard,2 queen beds,Wi-Fi in designated areas|Outdoor swimming pool|Restaurant|Luggage storage|Golf course
Wanda Realm Beijing,4.7,After tax US$302.67,Deluxe Double Room,1 king bed,Wi-Fi in designated areas|Airport Shuttle Service|Indoor swimming pool|Gym|Restaurant|Café|Non-smoking floor|ATM|Luggage storage|Wake-up call
East Beijing,4.7,After tax US$294.12,Urban Twin Room,2 double beds,Wi-Fi in designated areas|Airport pickup service|Indoor swimming pool|Gym|Restaurant|Front desk (24 hours)|Bar|Café|Non-smoking floor|Currency exchange|ATM|Luggage storage|Wake-up call|Billiards
Beijing Wanda Vista Hotel,4.7,After tax US$432.63,Deluxe Double Room,1 king bed,Wi-Fi in designated areas|Airport pickup service|Indoor swimming pool|Gym|Restaurant|Front desk (24 hours)|Spa|Non-smoking floor|ATM|Luggage storage|Wake-up call|Teahouse|Beauty salon
Artyzen Habitat Dongzhimen Beijing,4.7,After tax US$225.72,Habitat 40 Plus King,1 queen bed,Wi-Fi in designated areas|Airport pickup service|Gym|Restaurant|Front desk (24 hours)|Bar|Café|Non-smoking floor|Luggage storage|Wake-up call|Billiards|Designated Smoking Area
Grand Metropark Hotel Beijing,4.7,After tax US$191.52,Standard Room (2 beds),2 single beds,Wi-Fi in designated areas|Airport pickup service|Indoor swimming pool|Gym|Restaurant|Front desk (24 hours)|Café|Non-smoking floor|Currency exchange|ATM|Luggage storage|Wake-up call|Beauty salon
Beijing Wanda Vista Hotel,4.7,After tax US$432.63,Deluxe Double Room,1 king bed,Wi-Fi in designated areas|Airport pickup service|Indoor swimming pool|Gym|Restaurant|Front desk (24 hours)|Spa|Non-smoking floor|ATM|Luggage storage|Wake-up call|Teahouse|Beauty salon
Artyzen Habitat Dongzhimen Beijing,4.7,After tax US$225.72,Habitat 40 Plus King,1 queen bed,Wi-Fi in designated areas|Airport pickup service|Gym|Restaurant|Front desk (24 hours)|Bar|Café|Non-smoking floor|Luggage storage|Wake-up call|Billiards|Designated Smoking Area
Grand Metropark Hotel Beijing,4.7,After tax US$191.52,Standard Room (2 beds),2 single beds,Wi-Fi in designated areas|Airport pickup service|Indoor swimming pool|Gym|Restaurant|Front desk (24 hours)|Café|Non-smoking floor|Currency exchange|ATM|Luggage storage|Wake-up call|Beauty salon
Sofitel Beijing Central,4.7,After tax US$336.87,Standard Room (2 beds),2 single beds,Wi-Fi in designated areas|Airport pickup service|Indoor swimming pool|Gym|Restaurant|Front desk (24 hours)|Spa|Bar|Café|Non-smoking floor|Currency exchange|Luggage storage|Wake-up call
Four Seasons Hotel Beijing,4.7,After tax US$432.63,Deluxe Room,1 queen bed or 2 single beds,Wi-Fi in designated areas|Airport pickup service|Indoor swimming pool|Gym|Restaurant|Front desk (24 hours)|Massage|Sauna|Spa|Bar|Café|Non-smoking floor|Currency exchange|ATM|Luggage storage|Wake-up call|Teahouse
The Peninsula Beijing Hotel,4.7,After tax US$521.55,Deluxe Suite,1 king bed or 2 single beds,Wi-Fi in designated areas|Airport pickup service|Indoor swimming pool|Gym|Restaurant|Front desk (24 hours)|Sauna|Foot massage|Spa|Non-smoking floor|Currency exchange|Luggage storage|Wake-up call
Fairmont Beijing,4.7,After tax US$400.14,Deluxe Twin Room,2 single beds,Wi-Fi in designated areas|Airport pickup service|Indoor swimming pool|Gym|Restaurant|Front desk (24 hours)|Massage|Sauna|Foot massage|Spa|Bar|Café|Non-smoking floor|Currency exchange|Luggage storage|Wake-up call|Beauty salon
Rosewood Beijing,4.7,After tax US$595.08,Deluxe Room,1 queen bed or 2 single beds,Wi-Fi in designated areas|Airport pickup service|Indoor swimming pool|Gym|Restaurant|Front desk (24 hours)|Massage|Sauna|Hot spring|Spa|Bar|Café|Non-smoking floor|Currency exchange|ATM|Luggage storage|Wake-up call
Marco Polo Parkside Beijing,4.6,After tax US$297.54,Deluxe Twin Room,2 single beds,Wi-Fi in designated areas|Airport pickup service|Indoor swimming pool|Gym|Restaurant|Front desk (24 hours)|Sauna|Spa|Massage|Non-smoking floor|Currency exchange|Luggage storage|Wake-up call
Kempinski Hotel Beijing Lufthansa Center,4.7,After tax US$406.98,Deluxe Twin Room,2 single beds,Wi-Fi in designated areas|Airport pickup service|Indoor swimming pool|Gym|Restaurant|Front desk (24 hours)|Massage|Sauna|Spa|Bar|Café|Non-smoking floor|Currency exchange|ATM|Luggage storage|Wake-up call|Tennis|Squash|Beauty salon
Conrad Beijing,4.6,After tax US$882.36,Themed Family Friendly Room,1 king bed,Wi-Fi in designated areas|Airport pickup service|Indoor swimming pool|Gym|Restaurant|Front desk (24 hours)|Spa|Bar|Café|Non-smoking floor|Currency exchange|ATM|Luggage storage|Wake-up call
Lavande Hotel(Beijing Huairou),4.8,After tax US$116.28,Elegant Double Room,1 queen bed,Wi-Fi in designated areas|Restaurant|Front desk (24 hours)|Non-smoking floor|ATM|Luggage storage|Wake-up call
Legendale Hotel Beijing,4.7,After tax US$374.49,Deluxe Room (2 beds),2 single beds,Wi-Fi in designated areas|Airport pickup service|Indoor swimming pool|Gym|Restaurant|Front desk (24 hours)|Massage|Bar|Café|Non-smoking floor|Luggage storage|Wake-up call|Beauty salon
Lijingwan International Hotel,4.6,After tax US$239.40,Deluxe Queen Room,1 king bed,Wi-Fi in designated areas|Airport pickup service|Indoor swimming pool|Gym|Restaurant|Front desk (24 hours)|Massage|Sauna|Foot massage|Bar|Non-smoking floor|Currency exchange|ATM|Luggage storage|Wake-up call|Table tennis|Mahjong/chess/poker room
White Bird Boutique Hostel,4.9,After tax US$124.83,Guestroom - Double Occupancy (Double bed),1 queen bed,Wi-Fi in designated areas|Restaurant|Café|Non-smoking floor|Luggage storage|Wake-up call|Mahjong/chess/poker room|Game room
"Metropark Lido Hotel, Beijing",4.5,After tax US$167.58,Holiday Inn Superior Room,2 double beds or 1 king bed,Wi-Fi in designated areas|Shuttle service to nearby landmarks|Airport pickup service|Indoor swimming pool|Gym|Restaurant|Front desk (24 hours)|Sauna|Spa|Bar|Café|Non-smoking floor|Currency exchange|ATM|Luggage storage|Wake-up call|Beauty salon
Park Plaza Beijing Wangfujing,4.7,After tax US$287.28,Superior Room,1 queen bed or 2 single beds,Wi-Fi in designated areas|Airport Shuttle Service|Airport pickup service|Gym|Restaurant|Front desk (24 hours)|Foot massage|Massage|Bar|Café|Currency exchange|Wake-up call
Holiday Inn Express Beijing Dongzhimen,4.7,After tax US$143.64,Superior Room (2 beds),2 single beds,Wi-Fi in designated areas|Shuttle service to nearby landmarks|Airport pickup service|Gym|Restaurant|Front desk (24 hours)|Bar|Café|Non-smoking floor|Currency exchange|ATM|Luggage storage|Wake-up call
Holiday Inn Express Beijing Badaling,4.7,After tax US$114.57,Standard Double Room,1 queen bed,Wi-Fi in designated areas|Restaurant|Front desk (24 hours)|Non-smoking floor|Luggage storage|Wake-up call|Designated Smoking Area
Haiyi Hotel,4.7,After tax US$235.98,Guestroom (Double bed),1 queen bed,Wi-Fi in designated areas|Restaurant|Front desk (24 hours)|Non-smoking floor|Luggage storage|Wake-up call
Haiyi Hotel,4.7,After tax US$235.98,Guestroom (Double bed),1 queen bed,Wi-Fi in designated areas|Restaurant|Front desk (24 hours)|Non-smoking floor|Luggage storage|Wake-up call
Liaoning International Hotel,4.5,After tax US$200.07,Superior Twin Room B,2 single beds,Wi-Fi in designated areas|Restaurant|Front desk (24 hours)|Non-smoking floor|Currency exchange|ATM|Luggage storage|Wake-up call|Mahjong/chess/poker room|Teahouse
Holiday Inn Beijing Haidian,4.7,After tax US$217.17,Superior Twin Room B,2 single beds,Wi-Fi in designated areas|Airport pickup service|Gym|Restaurant|Front desk (24 hours)|Massage|Bar|Café|Non-smoking floor|Currency exchange|ATM|Luggage storage|Wake-up call|Billiards
Pangu 7 Star Hotel Beijing,4.8,After tax US$577.98,Deluxe Room,2 single beds,Wi-Fi in designated areas|Airport pickup service|Indoor swimming pool|Gym|Restaurant|Front desk (24 hours)|Bar|Café|Non-smoking floor|Currency exchange|ATM|Luggage storage|Wake-up call
Soluxe Winterless Hotel (Beijing Huamao),4.5,After tax US$145.35,Deluxe Room,2 single beds,Front desk (24 hours)|Luggage storage|Wake-up call
Waldorf Astoria Beijing,4.7,After tax US$536.94,Deluxe King Room,1 king bed,Wi-Fi in designated areas|Airport pickup service|Indoor swimming pool|Gym|Restaurant|Front desk (24 hours)|Massage|Sauna|Spa|Bar|Non-smoking floor|Currency exchange|ATM|Luggage storage|Wake-up call|Designated Smoking Area
CHAO Sanlitun Beijing,4.6,After tax US$492.48,Guestroom (2 beds),2 double beds,Wi-Fi in designated areas|Airport pickup service|Outdoor swimming pool|Gym|Restaurant|Front desk (24 hours)|Bar|Café|Non-smoking floor|Luggage storage|Wake-up call|Library
"BEI Zhaolong Hotel, a Joie de Vivre hotel",4.7,After tax US$225.72,Standard Double Room,1 queen bed,Wi-Fi in designated areas|Airport pickup service|Gym|Restaurant|Front desk (24 hours)|Bar|Non-smoking floor|Currency exchange|Luggage storage|Wake-up call
Chenji Hotel (Beijing Yizhuang),4.6,After tax US$104.31,Discount Twin Room,2 single beds,Restaurant|Luggage storage|Wake-up call
Labagoumen Cloud Mountain Resort,4.2,After tax US$186.39,Cabin - 1-Room (1 living room),1 queen bed,Wi-Fi in designated areas|Restaurant|Front desk (24 hours)|Luggage storage|Mahjong/chess/poker room|Fishing
Labagoumen Cloud Mountain Resort,4.2,After tax US$187.48,Cabin - 1-Room (1 living room),1 queen bed,Wi-Fi in designated areas|Restaurant|Front desk (24 hours)|Luggage storage|Mahjong/chess/poker room|Fishing
Park Plaza (Beijing Science Park),4.7,After tax US$206.40,Superior Room,1 double bed or 2 single beds,Wi-Fi in designated areas|Airport pickup service|Gym|Restaurant|Front desk (24 hours)|Bar|Café|Non-smoking floor|Currency exchange|Luggage storage|Wake-up call
FX Inn (Beijing Yizhuang),4.5,After tax US$67.08,Discount Double Room,1 double bed,Wi-Fi in designated areas|Airport pickup service|Restaurant|Front desk (24 hours)|Massage|Café|Non-smoking floor|Luggage storage|Wake-up call|Teahouse
Grand Concordia Hotel,4.6,After tax US$182.32,Deluxe Twin Room,2 double beds,Wi-Fi in designated areas|Airport pickup service|Indoor swimming pool|Gym|Restaurant|Front desk (24 hours)|Foot massage|Massage|Bar|Café|Non-smoking floor|Currency exchange|Luggage storage|Wake-up call|Teahouse|Beauty salon
Fuyuan'er Bulaotun Boutique Hostel,4.8,After tax US$319.92,Courtyard Twin Room,2 single beds,Wi-Fi in designated areas|Restaurant|Front desk (24 hours)|Luggage storage|Wake-up call|Basketball|Mahjong/chess/poker room|Teahouse
Hotel New Otani Chang Fu Gong,4.7,After tax US$254.56,Superior Queen Room,1 king bed,Wi-Fi in designated areas|Airport pickup service|Indoor swimming pool|Gym|Restaurant|Front desk (24 hours)|Massage|Sauna|Foot massage|Spa|Bar|Café|Non-smoking floor|Currency exchange|ATM|Luggage storage|Wake-up call|Table tennis|Basketball|Mahjong/chess/poker room|Beauty salon
Yuyang Hotel,4.8,After tax US$89.44,Twin Room (No window),2 single beds,Wi-Fi in designated areas|Airport pickup service|Indoor swimming pool|Gym|Restaurant|Front desk (24 hours)|Sauna|Café|Non-smoking floor|Luggage storage|Wake-up call|Skiing|Karaoke|Billiards
Ruralscape Boutique Holiday Villa,4.6,After tax US$199.52,Garden House - 1-Room,1 queen bed,Wi-Fi in designated areas|Restaurant|Front desk (24 hours)|Luggage storage|Wake-up call|Karaoke|Mahjong/chess/poker room
Ariva Beijing West Hotel & Serviced Apartments,4.3,After tax US$190.92,Superior Room,2 single beds,Wi-Fi in designated areas|Airport pickup service|Indoor swimming pool|Gym|Restaurant|Front desk (24 hours)|Sauna|Spa|Massage|Non-smoking floor|Luggage storage|Wake-up call
Jinding Hongtai Hotel,4.4,After tax US$70.52,Boutique Twin Room,2 single beds,Wi-Fi in designated areas|Restaurant|Front desk (24 hours)|Foot massage|Spa|Luggage storage|Wake-up call
Yuyang Hotel,4.8,After tax US$89.44,Twin Room (No window),2 single beds,Wi-Fi in designated areas|Airport pickup service|Indoor swimming pool|Gym|Restaurant|Front desk (24 hours)|Sauna|Café|Non-smoking floor|Luggage storage|Wake-up call|Skiing|Karaoke|Billiards
Ruralscape Boutique Holiday Villa,4.6,After tax US$199.52,Garden House - 1-Room,1 queen bed,Wi-Fi in designated areas|Restaurant|Front desk (24 hours)|Luggage storage|Wake-up call|Karaoke|Mahjong/chess/poker room
Ariva Beijing West Hotel & Serviced Apartments,4.3,After tax US$190.92,Superior Room,2 single beds,Wi-Fi in designated areas|Airport pickup service|Indoor swimming pool|Gym|Restaurant|Front desk (24 hours)|Sauna|Spa|Massage|Non-smoking floor|Luggage storage|Wake-up call
Jinding Hongtai Hotel,4.4,After tax US$70.52,Boutique Twin Room,2 single beds,Wi-Fi in designated areas|Restaurant|Front desk (24 hours)|Foot massage|Spa|Luggage storage|Wake-up call
Hotel Eclat Beijing,4.6,After tax US$440.32,Deluxe Double Room,1 king bed,Wi-Fi in designated areas|Airport pickup service|Gym|Restaurant|Front desk (24 hours)|Bar|Café|Non-smoking floor|Currency exchange|ATM|Luggage storage|Wake-up call
China World Hotel,4.7,After tax US$387,Deluxe Room King,1 king bed,Wi-Fi in designated areas|Airport pickup service|Indoor swimming pool|Gym|Restaurant|Front desk (24 hours)|Massage|Sauna|Spa|Bar|Café|Non-smoking floor|Currency exchange|ATM|Luggage storage|Wake-up call|Sunbathing area|Table tennis|Tennis|Squash|Beauty salon
Vangen,4.9,After tax US$364.64,Suite (2 beds),2 single beds,Wi-Fi in designated areas|Airport pickup service|Restaurant|Front desk (24 hours)|Non-smoking floor|Luggage storage|Wake-up call
Horticultural Homestay,4.8,After tax US$103.20,Standard Room,2 single beds,Wi-Fi in designated areas|Restaurant|Front desk (24 hours)|Non-smoking floor|Luggage storage|Wake-up call|Basketball|Mahjong/chess/poker room|Teahouse|Library|Designated Smoking Area
Beijing Libang Garden Town homestay Resort,4.7,After tax US$98.04,Standard Room (2 beds),2 single beds,Wi-Fi in designated areas|Restaurant|Luggage storage|Wake-up call|Billiards|Basketball|Mahjong/chess/poker room|Teahouse|Designated Smoking Area
The Great Wall Hotel Beijing,4.4,After tax US$166.84,Deluxe Room,1 queen bed or 2 single beds,Wi-Fi in designated areas|Airport pickup service|Indoor swimming pool|Gym|Restaurant|Front desk (24 hours)|Sauna|Café|Non-smoking floor|Currency exchange|ATM|Luggage storage|Wake-up call|Table tennis|Beauty salon
Beijing Libang Garden Town homestay Resort,4.7,After tax US$98.04,Standard Room (2 beds),2 single beds,Wi-Fi in designated areas|Restaurant|Luggage storage|Wake-up call|Billiards|Basketball|Mahjong/chess/poker room|Teahouse|Designated Smoking Area
The Great Wall Hotel Beijing,4.4,After tax US$166.84,Deluxe Room,1 queen bed or 2 single beds,Wi-Fi in designated areas|Airport pickup service|Indoor swimming pool|Gym|Restaurant|Front desk (24 hours)|Sauna|Café|Non-smoking floor|Currency exchange|ATM|Luggage storage|Wake-up call|Table tennis|Beauty salon
Rezen Retreat Chestnut Valley (Beijing Huairou),4.5,After tax US$256.28,Deluxe Double Room,1 king bed,Wi-Fi in designated areas|Airport pickup service|Restaurant|Front desk (24 hours)|Café|Non-smoking floor|Luggage storage|Wake-up call|Table tennis|Library
Star World Iternational  Hotel Sanlitun,4.3,After tax US$182.32,Fashionable Boutique Room (Double bed),1 double bed,Wi-Fi in designated areas|Airport pickup service|Restaurant|Front desk (24 hours)|Massage|Bar|Luggage storage|Wake-up call
Xiyuan Hotel Beijing,4.4,After tax US$184.04,Main Building Standard King Room,1 queen bed,Wi-Fi in designated areas|Gym|Restaurant|Front desk (24 hours)|Café|Non-smoking floor|Currency exchange|ATM|Luggage storage|Wake-up call|Designated Smoking Area
Morden Star Hotel,4.2,soldOut,Main Building Standard King Room,1 queen bed,Wi-Fi in designated areas|Front desk (24 hours)|Luggage storage|Wake-up call|Teahouse
Yunduan Lianxigu Hostel,4.6,After tax US$309.60,Guestroom (Double bed),1 king bed,Wi-Fi in designated areas|Outdoor swimming pool|Restaurant|Non-smoking floor|Luggage storage|Wake-up call|Sunbathing area|Karaoke|Library
East Sacred Hotel (Beijing Tian'anmen Wangfujing),4.5,After tax US$211.56,Deluxe Double Room,1 queen bed,Wi-Fi in designated areas|Restaurant|Front desk (24 hours)|Café|Non-smoking floor|Luggage storage|Wake-up call|Designated Smoking Area
Bake Gongshe Hotel,4.5,After tax US$116.96,Cabin,1 double bed,Wi-Fi in designated areas|Airport pickup service|Restaurant|Front desk (24 hours)|Bar|Café|Non-smoking floor|Luggage storage|Wake-up call|Karaoke|Table tennis|Mahjong/chess/poker room|Teahouse|Fishing|Game room
Gotel Capital,4.5,After tax US$123.84,Classic Double Room,1 double bed,Wi-Fi in designated areas|Airport pickup service|Restaurant|Front desk (24 hours)|Bar|Café|Non-smoking floor|Luggage storage|Wake-up call|Teahouse
East Sacred Hotel (Beijing Tian'anmen Wangfujing),4.5,After tax US$211.56,Deluxe Double Room,1 queen bed,Wi-Fi in designated areas|Restaurant|Front desk (24 hours)|Café|Non-smoking floor|Luggage storage|Wake-up call|Designated Smoking Area
Bake Gongshe Hotel,4.5,After tax US$116.96,Cabin,1 double bed,Wi-Fi in designated areas|Airport pickup service|Restaurant|Front desk (24 hours)|Bar|Café|Non-smoking floor|Luggage storage|Wake-up call|Karaoke|Table tennis|Mahjong/chess/poker room|Teahouse|Fishing|Game room
Gotel Capital,4.5,After tax US$123.84,Classic Double Room,1 double bed,Wi-Fi in designated areas|Airport pickup service|Restaurant|Front desk (24 hours)|Bar|Café|Non-smoking floor|Luggage storage|Wake-up call|Teahouse
Hilton Beijing Wangfujing,4.6,After tax US$321.64,Deluxe King Room,1 king bed,Wi-Fi in designated areas|Airport pickup service|Indoor swimming pool|Gym|Restaurant|Front desk (24 hours)|Massage|Spa|Bar|Café|Non-smoking floor|Currency exchange|ATM|Luggage storage|Wake-up call|Teahouse|Library
Toease,4.9,After tax US$123.84,Courtyard 9 Room - with View,1 queen bed,Wi-Fi in designated areas|Restaurant|Front desk (24 hours)|Luggage storage|Wake-up call
Hotel MoMc,4.7,After tax US$237.36,Courtyard 9 Room - with View,1 queen bed,Wi-Fi in designated areas|Airport pickup service|Indoor swimming pool|Gym|Restaurant|Front desk (24 hours)|Bar|Café|Non-smoking floor|Luggage storage|Wake-up call|Teahouse|Library
Lee Garden Service Apartments,4.6,After tax US$337.12,Studio Suite,1 queen bed,Wi-Fi in designated areas|Airport pickup service|Indoor swimming pool|Gym|Restaurant|Front desk (24 hours)|Sauna|Café|Non-smoking floor|ATM|Luggage storage|Wake-up call
Oakwood Residence Damei Beijing,4.6,After tax US$344,Deluxe Room,1 king bed,Wi-Fi in designated areas|Airport Shuttle Service|Airport pickup service|Indoor swimming pool|Gym|Restaurant|Front desk (24 hours)|Hot spring|Bar|Café|Non-smoking floor|Luggage storage|Wake-up call|Teahouse|Beauty salon
Chongwenmen Hotel,4.6,After tax US$149.64,Deluxe Standard Room,2 single beds,Wi-Fi in designated areas|Restaurant|Front desk (24 hours)|Bar|Non-smoking floor|Luggage storage|Wake-up call
Excemon Beijing Hongxiang Hotel,4.2,After tax US$110.08,Superior Standard Room,2 single beds,Wi-Fi in designated areas|Restaurant|Front desk (24 hours)|Café|Non-smoking floor|Currency exchange|ATM|Luggage storage|Wake-up call|Beauty salon
Chongwenmen Hotel,4.6,After tax US$150.51,Deluxe Standard Room,2 single beds,Wi-Fi in designated areas|Restaurant|Front desk (24 hours)|Bar|Non-smoking floor|Luggage storage|Wake-up call
Excemon Beijing Hongxiang Hotel,4.2,After tax US$110.72,Superior Standard Room,2 single beds,Wi-Fi in designated areas|Restaurant|Front desk (24 hours)|Café|Non-smoking floor|Currency exchange|ATM|Luggage storage|Wake-up call|Beauty salon
Grand Mercure Beijing Dongcheng,4.5,After tax US$195.49,Grand Deluxe with Twin Room,2 single beds,Wi-Fi in designated areas|Airport pickup service|Gym|Restaurant|Bar|Café|Non-smoking floor|Currency exchange|ATM|Luggage storage|Wake-up call|Karaoke|Mahjong/chess/poker room|Teahouse|Nightclub
Jingyuan Inn Beijing,4.9,After tax US$95.15,Standard Room,2 single beds,Wi-Fi in designated areas|Front desk (24 hours)|Luggage storage
Aman Summer Palace,4.6,"After tax US$1,844.18",Suite,1 queen bed,Wi-Fi in designated areas|Airport pickup service|Indoor swimming pool|Gym|Restaurant|Front desk (24 hours)|Massage|Sauna|Foot massage|Spa|Bar|Café|Non-smoking floor|Currency exchange|Luggage storage|Wake-up call|Table tennis|Squash|Beauty salon|Library
Yingxiangcheng Hotel (Beijing Wangfujing),4.8,After tax US$119.37,"Guestroom (Double bed) (Special promotion, no window)",1 queen bed,Wi-Fi in designated areas|Airport pickup service|Gym|Restaurant|Non-smoking floor|Currency exchange|Luggage storage|Wake-up call|Designated Smoking Area
Capital Hotel,4.6,After tax US$193.76,Superior Room (Villa b),1 queen bed or 2 single beds,Wi-Fi in designated areas|Airport pickup service|Indoor swimming pool|Gym|Restaurant|Front desk (24 hours)|Bar|Café|Non-smoking floor|Currency exchange|Luggage storage|Wake-up call|Teahouse
Xiangdongfang Garden International Hotel,4.4,After tax US$198.95,Superior Twin Bed,2 single beds,Wi-Fi in designated areas|Indoor swimming pool|Gym|Restaurant|Front desk (24 hours)|Sauna|Hot spring|Spa|Non-smoking floor|Currency exchange|Luggage storage|Wake-up call|Karaoke|Teahouse
R-KISS Fashionable Hotel,4.5,After tax US$181.65,Romantic Experience Room (No window),1 double bed,Wi-Fi in designated areas|Airport pickup service|Restaurant|Front desk (24 hours)|Bar|Café|Luggage storage|Wake-up call
The Great Wall Old Courtyard Ancient Inn,4.7,After tax US$207.60,Family Four-person Room,2 queen beds,Wi-Fi in designated areas|Airport pickup service|Front desk (24 hours)|Luggage storage|Wake-up call
R-KISS Fashionable Hotel,4.5,After tax US$181.65,Romantic Experience Room (No window),1 double bed,Wi-Fi in designated areas|Airport pickup service|Restaurant|Front desk (24 hours)|Bar|Café|Luggage storage|Wake-up call
The Great Wall Old Courtyard Ancient Inn,4.7,After tax US$207.60,Family Four-person Room,2 queen beds,Wi-Fi in designated areas|Airport pickup service|Front desk (24 hours)|Luggage storage|Wake-up call
Beijing Continental Grand Hotel,4.4,After tax US$750.82,Deluxe Double Room,1 queen bed,Wi-Fi in designated areas|Restaurant|Front desk (24 hours)|Massage|Bar|Café|Non-smoking floor|Currency exchange|Luggage storage|Wake-up call|Karaoke|Teahouse|Beauty salon
Yijia Hotel Beijing,4.1,After tax US$108.99,Deluxe Double Room,1 queen bed,Wi-Fi in designated areas|Restaurant|Front desk (24 hours)|Non-smoking floor|Luggage storage|Wake-up call
Foreign Experts Building,4.4,After tax US$242.20,Standard Twin Room,2 single beds,Wi-Fi in designated areas|Indoor swimming pool|Gym|Restaurant|Front desk (24 hours)|Sauna|Bar|Café|Non-smoking floor|ATM|Luggage storage|Wake-up call|Tennis|Beauty salon
Jingguang Center Apartment Hotel,4.2,After tax US$240.47,One-Bedroom Suite,1 double bed,Wi-Fi in designated areas|Gym|Restaurant|Front desk (24 hours)|Sauna|Bar|Café|Non-smoking floor|Currency exchange|ATM|Luggage storage|Wake-up call
The Opposite House,4.6,After tax US$626.26,Studio 45,1 queen bed,Wi-Fi in designated areas|Airport pickup service|Indoor swimming pool|Gym|Restaurant|Front desk (24 hours)|Bar|Café|Non-smoking floor|Currency exchange|Luggage storage|Wake-up call
Holiday Inn Express Beijing Temple of Heaven,4.6,After tax US$140.13,Selected Standard Double Room,1 double bed,Wi-Fi in designated areas|Gym|Restaurant|Front desk (24 hours)|Non-smoking floor|Currency exchange|Luggage storage|Wake-up call
Tylfull Hotel Beijing,4.9,After tax US$368.49,Deluxe Double Room,1 king bed,Wi-Fi in designated areas|Airport Shuttle Service|Airport pickup service|Indoor swimming pool|Gym|Restaurant|Front desk (24 hours)|Spa|Bar|Café|Non-smoking floor|Luggage storage|Wake-up call|Mahjong/chess/poker room|Beauty salon
Floral GuBeiYueHai Hotel,4.5,After tax US$145.32,Standard Room,2 single beds,Wi-Fi in designated areas|Restaurant|Front desk (24 hours)|Bar|Non-smoking floor|Luggage storage|Wake-up call|Teahouse|Designated Smoking Area
Tylfull Hotel Beijing,4.9,After tax US$368.49,Deluxe Double Room,1 king bed,Wi-Fi in designated areas|Airport Shuttle Service|Airport pickup service|Indoor swimming pool|Gym|Restaurant|Front desk (24 hours)|Spa|Bar|Café|Non-smoking floor|Luggage storage|Wake-up call|Mahjong/chess/poker room|Beauty salon
Floral GuBeiYueHai Hotel,4.5,After tax US$145.32,Standard Room,2 single beds,Wi-Fi in designated areas|Restaurant|Front desk (24 hours)|Bar|Non-smoking floor|Luggage storage|Wake-up call|Teahouse|Designated Smoking Area
Starway Hotel (Beijing Shunyi Modern Auto City),4.6,After tax US$124.56,Double Room,1 double bed,Wi-Fi in designated areas|Restaurant|Front desk (24 hours)|Luggage storage|Wake-up call
Hepingli Traveler Inn,4.6,After tax US$117.64,Business City-view Queen Room,1 queen bed,Wi-Fi in designated areas|Restaurant|Front desk (24 hours)|Non-smoking floor|Luggage storage|Wake-up call|Teahouse
Beijing Joyous Garden,4.8,After tax US$323.51,Standard Room,2 single beds,Wi-Fi in designated areas|Airport pickup service|Restaurant|Front desk (24 hours)|Massage|Sauna|Hot spring|Foot massage|Spa|Café|Non-smoking floor|Luggage storage|Wake-up call|Mahjong/chess/poker room|Teahouse|Beauty salon|Library|Designated Smoking Area
Oak Chateau Beijing,4.6,After tax US$228.36,Superior Room,1 king bed,Wi-Fi in designated areas|Airport pickup service|Gym|Restaurant|Front desk (24 hours)|Spa|Massage|Non-smoking floor|Luggage storage|Wake-up call
Qinfu Hotel,4.8,After tax US$100.34,Chinese-Style Room - Courtyard-View (Double bed),1 double bed,Wi-Fi in designated areas|Airport pickup service|Front desk (24 hours)|Non-smoking floor|Currency exchange|Luggage storage|Wake-up call|Teahouse|Designated Smoking Area
Baozhigu International Convention Center Beijing,4.8,After tax US$198.95,Chinese-Style Room - Courtyard-View (Double bed),1 double bed,Wi-Fi in designated areas|Airport pickup service|Gym|Restaurant|Front desk (24 hours)|Luggage storage|Wake-up call|Table tennis|Billiards|Basketball|Mahjong/chess/poker room
Red Hotel,4.7,After tax US$129.75,Chinese-Style Room - Courtyard-View (Double bed),1 double bed,Wi-Fi in designated areas|Restaurant|Front desk (24 hours)|Non-smoking floor|Luggage storage|Wake-up call
Reginwood Pine Valley Leisure Fitness Club,4.3,After tax US$212.79,Standard Room,2 single beds,Wi-Fi in designated areas|Airport pickup service|Indoor swimming pool|Gym|Restaurant|Front desk (24 hours)|Hot spring|Foot massage|Spa|Café|Non-smoking floor|ATM|Luggage storage|Wake-up call|Golf course|Karaoke|Table tennis|Billiards|Mahjong/chess/poker room|Teahouse
Reginwood Pine Valley Leisure Fitness Club,4.3,After tax US$212.79,Standard Room,2 single beds,Wi-Fi in designated areas|Airport pickup service|Indoor swimming pool|Gym|Restaurant|Front desk (24 hours)|Hot spring|Foot massage|Spa|Café|Non-smoking floor|ATM|Luggage storage|Wake-up call|Golf course|Karaoke|Table tennis|Billiards|Mahjong/chess/poker room|Teahouse
Yu Yang Hotel,4.3,After tax US$245.66,Standard Double Room,1 double bed,Wi-Fi in designated areas|Airport pickup service|Indoor swimming pool|Restaurant|Front desk (24 hours)|Sauna|Bar|Café|Non-smoking floor|Currency exchange|ATM|Luggage storage|Wake-up call|Karaoke
COTO Modern Hotel (Beijing Guozhan),4.5,After tax US$76.12,Discount Queen Room,1 double bed,Wi-Fi in designated areas|Restaurant|Front desk (24 hours)|Non-smoking floor|Luggage storage|Wake-up call
Beijing Commercial Business Hotel,4.7,After tax US$159.16,Discount Queen Room,1 double bed,Wi-Fi in designated areas|Gym|Restaurant|Front desk (24 hours)|Non-smoking floor|Currency exchange|ATM|Luggage storage|Wake-up call|Teahouse
Shanshui Trends Hotel (Beijing Shaoyaoju Olympic Sports Center),4.6,After tax US$102.07,Superior Double Room (No window),1 double bed,Wi-Fi in designated areas|Restaurant|Front desk (24 hours)|Non-smoking floor|Luggage storage|Wake-up call|Designated Smoking Area
chadaoguyi,4.8,After tax US$190.30,Courtyard Room (Double bed),1 queen bed,Wi-Fi in designated areas|Restaurant|Front desk (24 hours)|Non-smoking floor|Luggage storage|Wake-up call|Mahjong/chess/poker room|Teahouse|Designated Smoking Area
Laurel Hotel,4.4,After tax US$124.56,Courtyard Room (Double bed),1 queen bed,Wi-Fi in designated areas|Gym|Restaurant|Front desk (24 hours)|Non-smoking floor|ATM|Luggage storage|Wake-up call|Karaoke|Mahjong/chess/poker room|Nightclub|Designated Smoking Area
Shanshi Xiaozhu Hotel,4.9,After tax US$150.51,Courtyard Room (Double bed),1 double bed,Wi-Fi in designated areas|Airport pickup service|Restaurant|Front desk (24 hours)|Non-smoking floor|Currency exchange|Luggage storage|Wake-up call
Maite'er Boutique Hotel,4.5,After tax US$91.69,Featured Boutique Room (Double bed) (No window),1 double bed,Wi-Fi in designated areas|Front desk (24 hours)|Non-smoking floor|Luggage storage|Wake-up call
Sicilia Villa & Resort,4.7,After tax US$209.33,Deluxe Standard Room,2 single beds,Wi-Fi in designated areas|Indoor swimming pool|Gym|Restaurant|Front desk (24 hours)|Luggage storage|Wake-up call|Table tennis|Billiards|Squash|Mahjong/chess/poker room
Shanshi Xiaozhu Hotel,4.9,After tax US$151.38,Courtyard Room (Double bed),1 double bed,Wi-Fi in designated areas|Airport pickup service|Restaurant|Front desk (24 hours)|Non-smoking floor|Currency exchange|Luggage storage|Wake-up call
Maite'er Boutique Hotel,4.5,After tax US$92.22,Featured Boutique Room (Double bed) (No window),1 double bed,Wi-Fi in designated areas|Front desk (24 hours)|Non-smoking floor|Luggage storage|Wake-up call
Sicilia Villa & Resort,4.7,After tax US$210.54,Deluxe Standard Room,2 single beds,Wi-Fi in designated areas|Indoor swimming pool|Gym|Restaurant|Front desk (24 hours)|Luggage storage|Wake-up call|Table tennis|Billiards|Squash|Mahjong/chess/poker room
Mercure Wanshang Beijing,4.6,After tax US$151.38,Standard Room (2 beds),2 single beds,Wi-Fi in designated areas|Indoor swimming pool|Gym|Restaurant|Front desk (24 hours)|Sauna|Café|Currency exchange|ATM|Luggage storage|Wake-up call|Karaoke|Billiards|Tennis|Bowling
North Garden Hotel,4.3,After tax US$285.36,Executive Room (Double bed),1 double bed,Wi-Fi in designated areas|Restaurant|Front desk (24 hours)|Café|Non-smoking floor|Currency exchange|Luggage storage|Wake-up call|Teahouse
Long Shao Heng Hotel,4.8,After tax US$146.16,Standard Room,2 single beds,Wi-Fi in designated areas|Gym|Restaurant|Front desk (24 hours)|Café|Currency exchange|ATM|Luggage storage|Wake-up call|Karaoke|Mahjong/chess/poker room|Teahouse
Beijing Gingko Villa,4.3,After tax US$396.72,Deluxe Junior Suite,1 queen bed and 2 single beds,Wi-Fi in designated areas|Restaurant|Luggage storage|Wake-up call|Mahjong/chess/poker room|Teahouse|Fishing
R Boutique Beijing,4.9,After tax US$633.36,Couples'Room - Mountain-View,1 king bed,Wi-Fi in designated areas|Airport pickup service|Restaurant|Front desk (24 hours)|Hot spring|Luggage storage|Wake-up call
"Cordis, Beijing Capital Airport",4.7,After tax US$174,Superior Double Room,1 king bed,Wi-Fi in designated areas|Airport Shuttle Service|Airport pickup service|Indoor swimming pool|Gym|Restaurant|Front desk (24 hours)|Sauna|Spa|Bar|Non-smoking floor|Currency exchange|ATM|Luggage storage|Wake-up call|Billiards
Jia Yuan Hotel,4.8,After tax US$191.40,Deluxe Room,1 queen bed or 2 single beds,Wi-Fi in designated areas|Restaurant|Front desk (24 hours)|Non-smoking floor|Currency exchange|ATM|Luggage storage|Wake-up call|Karaoke|Mahjong/chess/poker room|Teahouse
R Boutique Beijing,4.9,After tax US$633.36,Couples'Room - Mountain-View,1 king bed,Wi-Fi in designated areas|Airport pickup service|Restaurant|Front desk (24 hours)|Hot spring|Luggage storage|Wake-up call
"Cordis, Beijing Capital Airport",4.7,After tax US$174,Superior Double Room,1 king bed,Wi-Fi in designated areas|Airport Shuttle Service|Airport pickup service|Indoor swimming pool|Gym|Restaurant|Front desk (24 hours)|Sauna|Spa|Bar|Non-smoking floor|Currency exchange|ATM|Luggage storage|Wake-up call|Billiards
Jia Yuan Hotel,4.8,After tax US$191.40,Deluxe Room,1 queen bed or 2 single beds,Wi-Fi in designated areas|Restaurant|Front desk (24 hours)|Non-smoking floor|Currency exchange|ATM|Luggage storage|Wake-up call|Karaoke|Mahjong/chess/poker room|Teahouse
GreenTree Inn (Beijing Kechuang Second Street),4.5,After tax US$43.50,Guestroom (2 beds),2 single beds,Wi-Fi in designated areas|Front desk (24 hours)|Non-smoking floor|Luggage storage|Wake-up call
Jijia Laodian Hostel,4.6,After tax US$60.90,Discount Room,1 queen bed or 2 single beds,Wi-Fi in designated areas|Restaurant|Front desk (24 hours)|Non-smoking floor|Luggage storage|Wake-up call|Karaoke|Basketball|Mahjong/chess/poker room|Designated Smoking Area
Yamei International Hotel,4.0,After tax US$57.42,Discount Twin Room,2 single beds,Wi-Fi in designated areas|Indoor swimming pool|Gym|Restaurant|Front desk (24 hours)|Non-smoking floor|Currency exchange|Luggage storage|Wake-up call|Billiards
LIAN SHI  homestay,4.7,After tax US$332.34,Boutique Room (Tatami),1 futon bed,Wi-Fi in designated areas|Restaurant|Bar|Luggage storage|Wake-up call|Karaoke|Mahjong/chess/poker room|Teahouse
Shangkangcheng Hotel,4.5,After tax US$127.02,Business Twin Room,2 single beds,Restaurant|Front desk (24 hours)|Luggage storage|Wake-up call
Huaili Siji Hostel,4.8,After tax US$125.28,Family Room (2 beds),1 double bed and 1 single bed,Wi-Fi in designated areas|Restaurant|Front desk (24 hours)|Bar|Café|Luggage storage|Wake-up call
Yijia Apartment,4.9,After tax US$130.50,Deluxe Double Room,1 water bed,Wi-Fi in designated areas|Airport Shuttle Service|Restaurant|Front desk (24 hours)|Non-smoking floor|ATM|Wake-up call|Beauty salon|Designated Smoking Area
Huaili Siji Hostel,4.8,After tax US$125.28,Family Room (2 beds),1 double bed and 1 single bed,Wi-Fi in designated areas|Restaurant|Front desk (24 hours)|Bar|Café|Luggage storage|Wake-up call
Yijia Apartment,4.9,After tax US$130.50,Deluxe Double Room,1 water bed,Wi-Fi in designated areas|Airport Shuttle Service|Restaurant|Front desk (24 hours)|Non-smoking floor|ATM|Wake-up call|Beauty salon|Designated Smoking Area
Naturetime Hotel,4.7,After tax US$123.54,Standard Room A,2 single beds,Wi-Fi in designated areas|Restaurant|Front desk (24 hours)|Non-smoking floor|Currency exchange|Luggage storage|Wake-up call|Karaoke|Table tennis|Billiards|Tennis|Mahjong/chess/poker room|Teahouse|Designated Smoking Area
CITIC Hotel Beijing Airport,4.2,After tax US$147.90,Superior Room,1 double bed or 2 single beds,Wi-Fi in designated areas|Airport Shuttle Service|Airport pickup service|Indoor swimming pool|Outdoor swimming pool|Gym|Restaurant|Front desk (24 hours)|Massage|Sauna|Bar|Café|Currency exchange|Luggage storage|Wake-up call|Table tennis|Tennis|Squash|Beauty salon
Huatong New Business Hotel,4.5,After tax US$104.40,Budget Double Room,1 queen bed,Wi-Fi in designated areas|Restaurant|Front desk (24 hours)|Café|Non-smoking floor|Luggage storage|Wake-up call
EH Hotel,4.7,After tax US$123.54,Premier Apartment Room,2 single beds,Wi-Fi in designated areas|Restaurant|Front desk (24 hours)|Non-smoking floor|Luggage storage|Wake-up call
Liaoliaoxin Wangfujing Quadrangle Hotel,4.5,After tax US$146.16,Superior Room,1 double bed or 2 single beds,Wi-Fi in designated areas|Restaurant|Front desk (24 hours)|Non-smoking floor|Luggage storage|Wake-up call
Guan Sam Retreat,4.8,After tax US$215.76,Guestroom (Tatami),1 futon bed,Wi-Fi in designated areas|Restaurant|Front desk (24 hours)|Massage|Café|Non-smoking floor|Luggage storage|Wake-up call|Mahjong/chess/poker room|Teahouse|Designated Smoking Area
Lianjie Hotel,4.4,After tax US$118.32,Deluxe Standard Room,2 single beds,Wi-Fi in designated areas|Restaurant|Front desk (24 hours)|Non-smoking floor|Luggage storage|Wake-up call
Sunworld Hotel,4.5,After tax US$158.34,Superior Room (2 beds),2 single beds,Wi-Fi in designated areas|Airport pickup service|Gym|Restaurant|Front desk (24 hours)|Bar|Café|Non-smoking floor|Currency exchange|Luggage storage|Wake-up call
Guan Sam Retreat,4.8,After tax US$215.76,Guestroom (Tatami),1 futon bed,Wi-Fi in designated areas|Restaurant|Front desk (24 hours)|Massage|Café|Non-smoking floor|Luggage storage|Wake-up call|Mahjong/chess/poker room|Teahouse|Designated Smoking Area
Lianjie Hotel,4.4,After tax US$118.32,Deluxe Standard Room,2 single beds,Wi-Fi in designated areas|Restaurant|Front desk (24 hours)|Non-smoking floor|Luggage storage|Wake-up call
Sunworld Hotel,4.5,After tax US$158.34,Superior Room (2 beds),2 single beds,Wi-Fi in designated areas|Airport pickup service|Gym|Restaurant|Front desk (24 hours)|Bar|Café|Non-smoking floor|Currency exchange|Luggage storage|Wake-up call
Xinguisu Gubei Boutique Hotel (Beijing Shuizhen Fengqing),4.8,After tax US$177.48,Japanese-style Tatami Room,1 futon bed,Wi-Fi in designated areas|Restaurant|Front desk (24 hours)|Café|Non-smoking floor|Luggage storage|Wake-up call
Shang Yuan Hotel,4.2,After tax US$140.94,Business Double Room,1 double bed,Wi-Fi in designated areas|Restaurant|Front desk (24 hours)|Luggage storage|Wake-up call
Yuju Service Apartment (Beijing Yansha Xiaoyunli No.8 Branch),4.3,After tax US$172.26,Business Double Room,1 double bed,Wi-Fi in designated areas|Airport pickup service|Restaurant|Front desk (24 hours)|Massage|Non-smoking floor|Luggage storage|Wake-up call|Basketball|Teahouse|Beauty salon|Designated Smoking Area
Weiming Hotel (Beijing Zhangzizhong Metro Station),4.7,After tax US$64.38,Fresh Double Room,1 double bed,Wi-Fi in designated areas|Front desk (24 hours)|Café|Non-smoking floor|ATM|Luggage storage|Wake-up call
GreenTree Inn (Beijing Shunyi Airport Litian Road),4.6,After tax US$55.68,Double Room,1 queen bed,Wi-Fi in designated areas|Airport Shuttle Service|Airport pickup service|Restaurant|Front desk (24 hours)|Non-smoking floor|Luggage storage|Wake-up call|Designated Smoking Area
Nostalgia Hotel (Beijing Lama Temple),4.8,After tax US$170.52,Guestroom (Double bed),1 double bed,Wi-Fi in designated areas|Restaurant|Front desk (24 hours)|Non-smoking floor|Luggage storage|Wake-up call|Teahouse|Library
Landi Fashion Park,4.5,After tax US$121.80,Business Double Room (No window),1 double bed,Wi-Fi in designated areas|Restaurant|Café|ATM|Luggage storage|Wake-up call|Karaoke|Mahjong/chess/poker room
Nostalgia Hotel (Beijing Lama Temple),4.8,After tax US$185.22,Guestroom (Double bed),1 double bed,Wi-Fi in designated areas|Restaurant|Front desk (24 hours)|Non-smoking floor|Luggage storage|Wake-up call|Teahouse|Library
Landi Fashion Park,4.5,After tax US$132.30,Business Double Room (No window),1 double bed,Wi-Fi in designated areas|Restaurant|Café|ATM|Luggage storage|Wake-up call|Karaoke|Mahjong/chess/poker room
Haituo Mansion,4.6,After tax US$107.73,Standard Room,2 single beds,Wi-Fi in designated areas|Restaurant|Front desk (24 hours)|Non-smoking floor|Karaoke
Yingxiangcheng Hotel ( Beijing the former site of duanqiruizhi government),4.7,After tax US$183.33,Standard Room,2 single beds,Wi-Fi in designated areas|Airport Shuttle Service|Airport pickup service|Restaurant|Front desk (24 hours)|Non-smoking floor|Currency exchange|Luggage storage|Wake-up call|Teahouse|Library|Designated Smoking Area
Tangshan Hotel,4.4,After tax US$147.42,Bussiness Twin Side Room,2 single beds,Wi-Fi in designated areas|Restaurant|Front desk (24 hours)|Café|Non-smoking floor|Currency exchange|Luggage storage|Wake-up call
Beijing Dajiaoting International Business Hotel,4.0,After tax US$202.23,Boutique Hotel Apartment,1 queen bed,Wi-Fi in designated areas|Restaurant|Front desk (24 hours)|Non-smoking floor
Jianguo Hot Spring Hotel,4.5,After tax US$202.23,Boutique Hotel Apartment,1 queen bed,Wi-Fi in designated areas|Airport pickup service|Indoor swimming pool|Restaurant|Front desk (24 hours)|Sauna|Hot spring|Spa|Massage|Café|Non-smoking floor|Currency exchange|Luggage storage|Wake-up call|Teahouse
Xuanwumen Business Hotel,4.6,After tax US$173.88,Business Queen Room,1 double bed,Restaurant|Café|Currency exchange|Luggage storage|Wake-up call
Liaoliaoxin Courtyard Hotel (Beijing Beihai Xisi),4.4,After tax US$83.16,Superior Double Room,1 double bed,Wi-Fi in designated areas|Restaurant|Front desk (24 hours)|Non-smoking floor|Luggage storage|Wake-up call|Designated Smoking Area
Beijing Double Happiness Courtyard Hotel,4.8,After tax US$245.70,Deluxe Twin Room,2 single beds,Wi-Fi in designated areas|Airport pickup service|Restaurant|Front desk (24 hours)|Non-smoking floor|Currency exchange|Luggage storage|Wake-up call
Beijing Double Happiness Courtyard Hotel,4.8,After tax US$245.70,Deluxe Twin Room,2 single beds,Wi-Fi in designated areas|Airport pickup service|Restaurant|Front desk (24 hours)|Non-smoking floor|Currency exchange|Luggage storage|Wake-up call
WORLDTOO,4.3,After tax US$137.97,RV,1 double bed and 1 bunk bed,Wi-Fi in designated areas|Restaurant|Front desk (24 hours)|Luggage storage|Wake-up call
Celebrity International Grand Hotel,4.5,After tax US$291.06,Standard Double Room,2 single beds,Wi-Fi in designated areas|Airport pickup service|Gym|Restaurant|Front desk (24 hours)|Sauna|Non-smoking floor|Currency exchange|ATM|Luggage storage|Wake-up call|Beauty salon
Liaoliaoxin Lezai Hotel (Beijing Nanluogu Lane),4.6,After tax US$153.09,Standard Double Room,1 double bed,Wi-Fi in designated areas|Airport pickup service|Non-smoking floor|Luggage storage|Wake-up call|Designated Smoking Area
CCInn (New International Exhibition Center Capital Airport),4.7,soldOut,Notavailable,Notavailable,Wi-Fi in designated areas|Shuttle service to nearby landmarks|Airport Shuttle Service|Airport pickup service|Restaurant|Front desk (24 hours)|Non-smoking floor|Luggage storage|Wake-up call|Designated Smoking Area
Sweetome Vacation Rentals (The Lama Temple Hongyunge),4.6,soldOut,Notavailable,Notavailable,Wi-Fi in designated areas|Restaurant|Front desk (24 hours)|Café|Non-smoking floor|Luggage storage|Wake-up call
Xiangshanghui Hotel,4.8,After tax US$340.20,Fashionable Double Room,1 king bed,Wi-Fi in designated areas|Gym|Restaurant|Front desk (24 hours)|Café|Non-smoking floor|Luggage storage|Wake-up call|Designated Smoking Area
Qianzitong Hotel (Beijing Songyuan),4.2,After tax US$68.04,Superior Room (2 beds),2 single beds,Restaurant|ATM|Luggage storage|Wake-up call
Jiuxianju Hostel,4.7,After tax US$69.93,1 Room - Garden-View (Round bed),1 round bed,Wi-Fi in designated areas|Restaurant|Front desk (24 hours)|Luggage storage|Wake-up call|Designated Smoking Area
Floral Hotel Yuanxishe,4.7,After tax US$189,Guestroom,1 queen bed,Wi-Fi in designated areas|Airport pickup service|Restaurant|Front desk (24 hours)|Café|Luggage storage|Wake-up call|Teahouse|Library|Game room
Jiuxianju Hostel,4.7,After tax US$69.93,1 Room - Garden-View (Round bed),1 round bed,Wi-Fi in designated areas|Restaurant|Front desk (24 hours)|Luggage storage|Wake-up call|Designated Smoking Area
Floral Hotel Yuanxishe,4.7,After tax US$189,Guestroom,1 queen bed,Wi-Fi in designated areas|Airport pickup service|Restaurant|Front desk (24 hours)|Café|Luggage storage|Wake-up call|Teahouse|Library|Game room
Kaisheng Xingfeng International Hotel,4.2,After tax US$130.41,Standard Queen Room (No window),1 queen bed,Wi-Fi in designated areas|Airport Shuttle Service|Airport pickup service|Restaurant|Front desk (24 hours)|Bar|Café|Non-smoking floor|Currency exchange|ATM|Luggage storage|Wake-up call|Karaoke|Mahjong/chess/poker room|Teahouse|Beauty salon
Qihang International Hotel,4.6,After tax US$81.27,Standard Room,2 single beds,Wi-Fi in designated areas|Airport Shuttle Service|Shuttle service to nearby landmarks|Airport pickup service|Restaurant|Front desk (24 hours)|Non-smoking floor|ATM|Luggage storage|Wake-up call|Mahjong/chess/poker room
Holiday Inn Express (Beijing Wangjing),4.3,After tax US$162.54,Guestroom,1 double bed,Wi-Fi in designated areas|Gym|Restaurant|Front desk (24 hours)|Café|ATM|Luggage storage|Wake-up call
Yuju Service Apartment (Beijing Yansha Embassy Area),4.5,After tax US$226.80,Business Double Room,1 queen bed,Wi-Fi in designated areas|Gym|Front desk (24 hours)|Café|Non-smoking floor|Currency exchange|Luggage storage|Wake-up call|Golf course
Floral Hotel Michael's House,4.8,After tax US$153.09,"Standard Single Room, 1 Bedroom",1 queen bed,Wi-Fi in designated areas|Airport pickup service|Restaurant|Front desk (24 hours)|Non-smoking floor|Luggage storage|Wake-up call
The Place Apartment Hotel,4.3,soldOut,Notavailable,Notavailable,Front desk (24 hours)|Non-smoking floor|Luggage storage|Wake-up call
Exhibition Centre Hotel,4.5,After tax US$198.45,Main Villa Standard Room,2 single beds,Wi-Fi in designated areas|Restaurant|Non-smoking floor|Currency exchange|ATM|Luggage storage|Wake-up call
Floral Hotel Xianju Chanting (Beijing Badaling Great Wall),4.8,After tax US$81.27,2 Room (Double bed),1 queen bed,Wi-Fi in designated areas|Outdoor swimming pool|Restaurant|Front desk (24 hours)|Non-smoking floor|Luggage storage|Wake-up call|Skiing|Teahouse|Fishing|Designated Smoking Area
Floral Hotel Michael's House,4.8,After tax US$153.09,"Standard Single Room, 1 Bedroom",1 queen bed,Wi-Fi in designated areas|Airport pickup service|Restaurant|Front desk (24 hours)|Non-smoking floor|Luggage storage|Wake-up call
The Place Apartment Hotel,4.3,soldOut,Notavailable,Notavailable,Front desk (24 hours)|Non-smoking floor|Luggage storage|Wake-up call
Exhibition Centre Hotel,4.5,After tax US$198.45,Main Villa Standard Room,2 single beds,Wi-Fi in designated areas|Restaurant|Non-smoking floor|Currency exchange|ATM|Luggage storage|Wake-up call
Floral Hotel Xianju Chanting (Beijing Badaling Great Wall),4.8,After tax US$81.27,2 Room (Double bed),1 queen bed,Wi-Fi in designated areas|Outdoor swimming pool|Restaurant|Front desk (24 hours)|Non-smoking floor|Luggage storage|Wake-up call|Skiing|Teahouse|Fishing|Designated Smoking Area
Mark Jacobs Boutique Hotel,4.4,After tax US$241.92,Guestroom - Double Occupancy (Double bed) (No window),1 round bed,Wi-Fi in designated areas|Airport pickup service|Restaurant|Front desk (24 hours)|Bar|Non-smoking floor|Luggage storage|Wake-up call
Jingyuan Courtyard Hotel,4.5,After tax US$294.84,Cozy Twin Room,2 single beds,Wi-Fi in designated areas|Airport Shuttle Service|Airport pickup service|Restaurant|Front desk (24 hours)|Non-smoking floor|Luggage storage|Wake-up call
Yuanlin Hotel Beijing,4.3,After tax US$136.08,Standard Room,2 single beds,Wi-Fi in designated areas|Restaurant|Front desk (24 hours)|Luggage storage|Wake-up call|Karaoke|Table tennis|Billiards|Mahjong/chess/poker room|Teahouse|Game room
Yuanhang International Hotel,4.3,After tax US$117.18,Queen Room,1 queen bed,Wi-Fi in designated areas|Shuttle service to nearby landmarks|Airport Shuttle Service|Airport pickup service|Restaurant|Front desk (24 hours)|Massage|Foot massage|Café|Non-smoking floor|Currency exchange|ATM|Luggage storage|Wake-up call|Mahjong/chess/poker room|Teahouse|Beauty salon
Traveler Inn Huaqiao Beijing,4.5,After tax US$103.95,Business Queen Room,1 double bed,Wi-Fi in designated areas|Gym|Restaurant|Front desk (24 hours)|Café|Non-smoking floor|Currency exchange|Luggage storage|Wake-up call
Grace Art Hotel,4.4,After tax US$308.07,Business Queen Room,1 double bed,Wi-Fi in designated areas|Gym|Restaurant|Front desk (24 hours)|Bar|Café|Non-smoking floor|Luggage storage|Wake-up call
Yuanhang International Hotel,4.3,After tax US$116.56,Queen Room,1 queen bed,Wi-Fi in designated areas|Shuttle service to nearby landmarks|Airport Shuttle Service|Airport pickup service|Restaurant|Front desk (24 hours)|Massage|Foot massage|Café|Non-smoking floor|Currency exchange|ATM|Luggage storage|Wake-up call|Mahjong/chess/poker room|Teahouse|Beauty salon
Traveler Inn Huaqiao Beijing,4.5,After tax US$103.40,Business Queen Room,1 double bed,Wi-Fi in designated areas|Gym|Restaurant|Front desk (24 hours)|Café|Non-smoking floor|Currency exchange|Luggage storage|Wake-up call
Grace Art Hotel,4.4,After tax US$306.44,Business Queen Room,1 double bed,Wi-Fi in designated areas|Gym|Restaurant|Front desk (24 hours)|Bar|Café|Non-smoking floor|Luggage storage|Wake-up call
Zhi Resort,4.4,After tax US$325.24,Courtyard Queen Room,1 king bed,Wi-Fi in designated areas|Airport pickup service|Outdoor swimming pool|Gym|Restaurant|Front desk (24 hours)|Massage|Sauna|Foot massage|Spa|Bar|Café|Non-smoking floor|Luggage storage|Wake-up call|Basketball|Football|Tennis|Fishing
Golden Phoenix Hotel,4.5,After tax US$419.24,Themed Room,1 queen bed,Wi-Fi in designated areas|Airport Shuttle Service|Airport pickup service|Restaurant|Front desk (24 hours)|Non-smoking floor|Currency exchange|Wake-up call|Billiards
Rongfu Laozhai Hotel (Beijing Houhai),4.6,After tax US$251.92,Premier Family Room,1 queen bed and 1 futon bed,Wi-Fi in designated areas|Airport pickup service|Front desk (24 hours)|Non-smoking floor|ATM|Luggage storage
Jiming Hotel,4.1,After tax US$78.96,Business Double Room,1 double bed,Wi-Fi in designated areas|Front desk (24 hours)|Luggage storage|Wake-up call
Xiaoxi Hostel,4.9,After tax US$691.84,4 Room,2 queen beds,Wi-Fi in designated areas|Airport pickup service|Restaurant|Front desk (24 hours)|Luggage storage|Wake-up call|Mahjong/chess/poker room|Teahouse
Chujian Manshe Hostel (Beijing Shidu),4.8,soldOut,Notavailable,Notavailable,Wi-Fi in designated areas|Restaurant|Luggage storage|Wake-up call
Beidahuang Hotel,4.5,After tax US$90.24,Business Double Room,1 queen bed,Wi-Fi in designated areas|Restaurant|Front desk (24 hours)|Luggage storage|Wake-up call
Chujian Manshe Hostel (Beijing Shidu),4.8,soldOut,Notavailable,Notavailable,Wi-Fi in designated areas|Restaurant|Luggage storage|Wake-up call
Beidahuang Hotel,4.5,After tax US$90.24,Business Double Room,1 queen bed,Wi-Fi in designated areas|Restaurant|Front desk (24 hours)|Luggage storage|Wake-up call
Maya Island Hotel,4.3,After tax US$280.12,Deluxe Twin Bed Room,2 single beds,Wi-Fi in designated areas|Indoor swimming pool|Gym|Restaurant|Front desk (24 hours)|Sauna|Foot massage|Spa|Massage|Non-smoking floor|Luggage storage|Wake-up call|Karaoke|Beauty salon
Sunjoy Hotel,4.1,After tax US$129.72,Single Room,1 double bed,Wi-Fi in designated areas|Restaurant|Front desk (24 hours)|Café|Non-smoking floor|Luggage storage|Wake-up call|Designated Smoking Area
Tongfu Dayuan Hostel,4.8,After tax US$141,Guestroom (Double bed),1 queen bed,Wi-Fi in designated areas|Airport pickup service|Luggage storage|Mahjong/chess/poker room|Game room
huailiwutong,4.7,After tax US$112.80,Comfy Room (Double bed),1 queen bed,Wi-Fi in designated areas|Restaurant|Front desk (24 hours)|Luggage storage|Karaoke|Designated Smoking Area
Perfect Nostalgia Inn (Beijing South Luogu Lane),4.4,After tax US$94,Comfy Room (Double bed),1 queen bed,Wi-Fi in designated areas|Airport pickup service|Restaurant|Front desk (24 hours)|Non-smoking floor|Luggage storage|Wake-up call|Billiards
Jundu Hotel,4.6,After tax US$99.64,Standard Room,2 single beds,Wi-Fi in designated areas|Restaurant|Front desk (24 hours)|Bar|Non-smoking floor|ATM|Luggage storage|Wake-up call|Table tennis|Billiards|Basketball|Mahjong/chess/poker room
Tailianting Xipan Hotel (Beijing Yanqi Lake),4.3,After tax US$253.80,Romantic Room - Courtyard-View,1 double bed,Wi-Fi in designated areas|Restaurant|Front desk (24 hours)|Bar|Café|Luggage storage|Wake-up call|Karaoke|Mahjong/chess/poker room
Zhongyou Hotel,4.3,After tax US$150.40,Superior Double Room,1 queen bed,Wi-Fi in designated areas|Restaurant|Front desk (24 hours)|Non-smoking floor|Luggage storage|Wake-up call
